<?xml version="1.0" encoding="UTF-8"?>
<project-private xmlns="http://www.netbeans.org/ns/project-private/1">
    <editor-bookmarks xmlns="http://www.netbeans.org/ns/editor-bookmarks/2" lastBookmarkId="0"/>
    <open-files xmlns="http://www.netbeans.org/ns/projectui-open-files/2">
        <group>
            <file>file:/home/acie/Documentos/DAW/Programacion/NetBeansProjects/EXAMENES/PESTANO_DELAROSA_AYOZE_EXAMENPROG/AlmacenarHeroes/src/AlmacenarHeroes/Archivo.java</file>
            <file>file:/home/acie/Documentos/DAW/Programacion/NetBeansProjects/EXAMENES/PESTANO_DELAROSA_AYOZE_EXAMENPROG/AlmacenarHeroes/src/AlmacenarHeroes/SuperHeroe.java</file>
            <file>file:/home/acie/Documentos/DAW/Programacion/NetBeansProjects/EXAMENES/PESTANO_DELAROSA_AYOZE_EXAMENPROG/AlmacenarHeroes/src/AlmacenarHeroes/Controlador.java</file>
            <file>file:/home/acie/Documentos/DAW/Programacion/NetBeansProjects/EXAMENES/PESTANO_DELAROSA_AYOZE_EXAMENPROG/AlmacenarHeroes/src/AlmacenarHeroes/Main.java</file>
            <file>file:/home/acie/Documentos/DAW/Programacion/NetBeansProjects/EXAMENES/PESTANO_DELAROSA_AYOZE_EXAMENPROG/AlmacenarHeroes/src/AlmacenarHeroes/Vista.java</file>
        </group>
    </open-files>
</project-private>
